Nome,Label
Bad_dataset3_bad (488).jpg,0
Good_dataset03_good (494).jpg,1
Good_dataset03_good (238).jpg,1
Good_dataset03_good (638).jpg,1
Good_dataset03_good (533).jpg,1
Bad_dataset3_bad (56).jpg,0
Bad_dataset3_bad (26).jpg,0
Good_dataset03_good (659).jpg,1
Bad_dataset3_bad (355).jpg,0
Good_dataset03_good (202).jpg,1
Bad_dataset3_bad (641).jpg,0
Good_dataset03_good (626).jpg,1
Bad_dataset3_bad (170).jpg,0
Good_dataset03_good (186).jpg,1
Good_dataset03_good (6).jpg,1
Good_dataset03_good (36).jpg,1
Good_dataset03_good (564).jpg,1
Good_dataset03_good (111).jpg,1
Good_dataset03_good (377).jpg,1
Good_dataset03_good (185).jpg,1
Good_dataset03_good (491).jpg,1
Good_dataset03_good (455).jpg,1
Good_dataset03_good (448).jpg,1
Bad_dataset3_bad (96).jpg,0
Good_dataset03_good (346).jpg,1
Good_dataset03_good (485).jpg,1
Good_dataset03_good (277).jpg,1
Bad_dataset3_bad (314).jpg,0
Bad_dataset3_bad (667).jpg,0
Bad_dataset3_bad (368).jpg,0
Good_dataset03_good (392).jpg,1
Good_dataset03_good (39).jpg,1
Bad_dataset3_bad (21).jpg,0
Bad_dataset3_bad (632).jpg,0
Bad_dataset3_bad (525).jpg,0
Good_dataset03_good (180).jpg,1
Bad_dataset3_bad (217).jpg,0
Bad_dataset3_bad (663).jpg,0
Bad_dataset3_bad (639).jpg,0
Bad_dataset3_bad (138).jpg,0
Bad_dataset3_bad (596).jpg,0
Bad_dataset3_bad (139).jpg,0
Bad_dataset3_bad (253).jpg,0
Bad_dataset3_bad (205).jpg,0
Bad_dataset3_bad (570).jpg,0
Bad_dataset3_bad (524).jpg,0
Good_dataset03_good (16).jpg,1
Good_dataset03_good (639).jpg,1
Bad_dataset3_bad (124).jpg,0
Good_dataset03_good (586).jpg,1
Good_dataset03_good (22).jpg,1
Good_dataset03_good (468).jpg,1
Good_dataset03_good (342).jpg,1
Good_dataset03_good (407).jpg,1
Bad_dataset3_bad (34).jpg,0
Bad_dataset3_bad (258).jpg,0
Bad_dataset3_bad (277).jpg,0
Good_dataset03_good (77).jpg,1
Good_dataset03_good (247).jpg,1
Good_dataset03_good (404).jpg,1
Good_dataset03_good (244).jpg,1
Good_dataset03_good (335).jpg,1
Good_dataset03_good (327).jpg,1
Good_dataset03_good (288).jpg,1
Bad_dataset3_bad (288).jpg,0
Bad_dataset3_bad (388).jpg,0
Good_dataset03_good (311).jpg,1
Good_dataset03_good (397).jpg,1
Good_dataset03_good (152).jpg,1
Good_dataset03_good (656).jpg,1
Bad_dataset3_bad (533).jpg,0
Good_dataset03_good (483).jpg,1
Good_dataset03_good (549).jpg,1
Bad_dataset3_bad (468).jpg,0
Bad_dataset3_bad (646).jpg,0
Good_dataset03_good (317).jpg,1
Good_dataset03_good (206).jpg,1
Bad_dataset3_bad (647).jpg,0
Good_dataset03_good (261).jpg,1
Bad_dataset3_bad (168).jpg,0
Bad_dataset3_bad (475).jpg,0
Good_dataset03_good (287).jpg,1
Bad_dataset3_bad (417).jpg,0
Bad_dataset3_bad (43).jpg,0
Bad_dataset3_bad (63).jpg,0
Bad_dataset3_bad (114).jpg,0
Good_dataset03_good (234).jpg,1
Bad_dataset3_bad (18).jpg,0
Good_dataset03_good (262).jpg,1
Good_dataset03_good (440).jpg,1
Bad_dataset3_bad (573).jpg,0
Bad_dataset3_bad (149).jpg,0
Bad_dataset3_bad (482).jpg,0
Bad_dataset3_bad (454).jpg,0
Good_dataset03_good (520).jpg,1
Good_dataset03_good (535).jpg,1
Bad_dataset3_bad (328).jpg,0
Bad_dataset3_bad (134).jpg,0
Good_dataset03_good (241).jpg,1
Good_dataset03_good (470).jpg,1
Bad_dataset3_bad (125).jpg,0
Bad_dataset3_bad (673).jpg,0
Good_dataset03_good (581).jpg,1
Good_dataset03_good (60).jpg,1
Bad_dataset3_bad (669).jpg,0
Good_dataset03_good (624).jpg,1
Bad_dataset3_bad (392).jpg,0
Good_dataset03_good (257).jpg,1
Bad_dataset3_bad (281).jpg,0
Bad_dataset3_bad (499).jpg,0
Good_dataset03_good (596).jpg,1
Good_dataset03_good (11).jpg,1
Bad_dataset3_bad (403).jpg,0
Bad_dataset3_bad (17).jpg,0
Good_dataset03_good (385).jpg,1
Bad_dataset3_bad (228).jpg,0
Good_dataset03_good (138).jpg,1
Bad_dataset3_bad (254).jpg,0
Good_dataset03_good (575).jpg,1
Bad_dataset3_bad (30).jpg,0
Bad_dataset3_bad (498).jpg,0
Bad_dataset3_bad (201).jpg,0
Good_dataset03_good (576).jpg,1
Bad_dataset3_bad (400).jpg,0
Bad_dataset3_bad (554).jpg,0
Good_dataset03_good (81).jpg,1
Good_dataset03_good (636).jpg,1
Good_dataset03_good (402).jpg,1
Good_dataset03_good (519).jpg,1
Bad_dataset3_bad (537).jpg,0
Good_dataset03_good (499).jpg,1
Bad_dataset3_bad (577).jpg,0
Bad_dataset3_bad (350).jpg,0
Bad_dataset3_bad (158).jpg,0
Bad_dataset3_bad (572).jpg,0
Bad_dataset3_bad (437).jpg,0
Good_dataset03_good (526).jpg,1
Good_dataset03_good (611).jpg,1
Bad_dataset3_bad (518).jpg,0
Bad_dataset3_bad (42).jpg,0
Bad_dataset3_bad (145).jpg,0
Good_dataset03_good (539).jpg,1
Bad_dataset3_bad (273).jpg,0
Bad_dataset3_bad (167).jpg,0
Bad_dataset3_bad (310).jpg,0
Good_dataset03_good (67).jpg,1
Bad_dataset3_bad (506).jpg,0
Bad_dataset3_bad (651).jpg,0
Good_dataset03_good (273).jpg,1
Bad_dataset3_bad (72).jpg,0
Bad_dataset3_bad (474).jpg,0
Bad_dataset3_bad (418).jpg,0
Bad_dataset3_bad (335).jpg,0
Good_dataset03_good (368).jpg,1
Good_dataset03_good (213).jpg,1
Good_dataset03_good (529).jpg,1
Bad_dataset3_bad (489).jpg,0
Good_dataset03_good (235).jpg,1
Bad_dataset3_bad (406).jpg,0
Good_dataset03_good (19).jpg,1
Bad_dataset3_bad (65).jpg,0
Bad_dataset3_bad (643).jpg,0
Good_dataset03_good (467).jpg,1
Bad_dataset3_bad (230).jpg,0
Good_dataset03_good (227).jpg,1
Good_dataset03_good (430).jpg,1
Bad_dataset3_bad (245).jpg,0
Good_dataset03_good (650).jpg,1
Bad_dataset3_bad (259).jpg,0
Good_dataset03_good (116).jpg,1
Good_dataset03_good (142).jpg,1
Good_dataset03_good (614).jpg,1
Good_dataset03_good (280).jpg,1
Bad_dataset3_bad (626).jpg,0
Bad_dataset3_bad (132).jpg,0
Good_dataset03_good (601).jpg,1
Good_dataset03_good (333).jpg,1
Good_dataset03_good (74).jpg,1
Bad_dataset3_bad (594).jpg,0
Good_dataset03_good (56).jpg,1
Good_dataset03_good (132).jpg,1
Bad_dataset3_bad (439).jpg,0
Good_dataset03_good (571).jpg,1
Bad_dataset3_bad (265).jpg,0
Bad_dataset3_bad (373).jpg,0
Good_dataset03_good (602).jpg,1
Good_dataset03_good (568).jpg,1
Good_dataset03_good (201).jpg,1
Good_dataset03_good (203).jpg,1
Good_dataset03_good (369).jpg,1
Bad_dataset3_bad (631).jpg,0
Bad_dataset3_bad (501).jpg,0
Good_dataset03_good (465).jpg,1
Good_dataset03_good (555).jpg,1
Bad_dataset3_bad (137).jpg,0
Good_dataset03_good (462).jpg,1
Bad_dataset3_bad (343).jpg,0
Good_dataset03_good (266).jpg,1
Good_dataset03_good (279).jpg,1
Bad_dataset3_bad (645).jpg,0
Bad_dataset3_bad (303).jpg,0
Good_dataset03_good (90).jpg,1
Good_dataset03_good (524).jpg,1
Good_dataset03_good (296).jpg,1
Good_dataset03_good (170).jpg,1
Bad_dataset3_bad (431).jpg,0
Good_dataset03_good (265).jpg,1
Bad_dataset3_bad (625).jpg,0
Bad_dataset3_bad (681).jpg,0
Bad_dataset3_bad (640).jpg,0
Bad_dataset3_bad (493).jpg,0
Bad_dataset3_bad (453).jpg,0
Bad_dataset3_bad (358).jpg,0
Bad_dataset3_bad (455).jpg,0
Bad_dataset3_bad (5).jpg,0
Good_dataset03_good (496).jpg,1
Bad_dataset3_bad (371).jpg,0
Bad_dataset3_bad (339).jpg,0
Bad_dataset3_bad (53).jpg,0
Bad_dataset3_bad (220).jpg,0
Good_dataset03_good (278).jpg,1
Bad_dataset3_bad (540).jpg,0
Bad_dataset3_bad (256).jpg,0
Good_dataset03_good (362).jpg,1
Bad_dataset3_bad (332).jpg,0
Good_dataset03_good (446).jpg,1
Good_dataset03_good (408).jpg,1
Good_dataset03_good (276).jpg,1
Good_dataset03_good (557).jpg,1
Good_dataset03_good (444).jpg,1
Good_dataset03_good (122).jpg,1
Bad_dataset3_bad (269).jpg,0
Good_dataset03_good (426).jpg,1
Bad_dataset3_bad (588).jpg,0
Bad_dataset3_bad (122).jpg,0
Bad_dataset3_bad (35).jpg,0
Good_dataset03_good (113).jpg,1
Good_dataset03_good (252).jpg,1
Bad_dataset3_bad (166).jpg,0
Bad_dataset3_bad (409).jpg,0
Bad_dataset3_bad (628).jpg,0
Bad_dataset3_bad (659).jpg,0
Good_dataset03_good (379).jpg,1
Good_dataset03_good (471).jpg,1
Good_dataset03_good (159).jpg,1
Bad_dataset3_bad (140).jpg,0
Bad_dataset3_bad (529).jpg,0
Good_dataset03_good (109).jpg,1
Bad_dataset3_bad (563).jpg,0
Good_dataset03_good (172).jpg,1
Bad_dataset3_bad (282).jpg,0
Bad_dataset3_bad (262).jpg,0
Good_dataset03_good (464).jpg,1
Bad_dataset3_bad (375).jpg,0
Good_dataset03_good (525).jpg,1
Good_dataset03_good (242).jpg,1
Bad_dataset3_bad (613).jpg,0
Good_dataset03_good (243).jpg,1
Bad_dataset3_bad (370).jpg,0
Good_dataset03_good (453).jpg,1
Bad_dataset3_bad (679).jpg,0
Bad_dataset3_bad (59).jpg,0
Bad_dataset3_bad (300).jpg,0
Bad_dataset3_bad (88).jpg,0
Bad_dataset3_bad (505).jpg,0
Bad_dataset3_bad (415).jpg,0
Good_dataset03_good (292).jpg,1
Good_dataset03_good (594).jpg,1
Bad_dataset3_bad (237).jpg,0
Good_dataset03_good (399).jpg,1
Bad_dataset3_bad (161).jpg,0
Bad_dataset3_bad (545).jpg,0
Good_dataset03_good (79).jpg,1
Good_dataset03_good (339).jpg,1
Bad_dataset3_bad (515).jpg,0
Bad_dataset3_bad (287).jpg,0
Bad_dataset3_bad (382).jpg,0
Good_dataset03_good (373).jpg,1
Good_dataset03_good (179).jpg,1
Good_dataset03_good (7).jpg,1
Good_dataset03_good (528).jpg,1
Bad_dataset3_bad (121).jpg,0
Bad_dataset3_bad (496).jpg,0
Bad_dataset3_bad (676).jpg,0
Good_dataset03_good (200).jpg,1
Bad_dataset3_bad (248).jpg,0
Good_dataset03_good (417).jpg,1
Bad_dataset3_bad (456).jpg,0
Bad_dataset3_bad (349).jpg,0
Good_dataset03_good (177).jpg,1
Good_dataset03_good (57).jpg,1
Bad_dataset3_bad (71).jpg,0
Bad_dataset3_bad (66).jpg,0
Bad_dataset3_bad (263).jpg,0
Bad_dataset3_bad (449).jpg,0
Bad_dataset3_bad (560).jpg,0
Good_dataset03_good (123).jpg,1
Bad_dataset3_bad (127).jpg,0
Good_dataset03_good (618).jpg,1
Good_dataset03_good (667).jpg,1
Good_dataset03_good (460).jpg,1
Good_dataset03_good (452).jpg,1
Bad_dataset3_bad (547).jpg,0
Good_dataset03_good (270).jpg,1
Good_dataset03_good (306).jpg,1
Bad_dataset3_bad (580).jpg,0
Good_dataset03_good (42).jpg,1
Bad_dataset3_bad (2).jpg,0
Bad_dataset3_bad (412).jpg,0
Good_dataset03_good (198).jpg,1
Good_dataset03_good (424).jpg,1
Bad_dataset3_bad (307).jpg,0
Bad_dataset3_bad (270).jpg,0
Good_dataset03_good (665).jpg,1
Bad_dataset3_bad (193).jpg,0
Bad_dataset3_bad (538).jpg,0
Bad_dataset3_bad (653).jpg,0
Good_dataset03_good (360).jpg,1
Good_dataset03_good (332).jpg,1
Bad_dataset3_bad (379).jpg,0
Good_dataset03_good (654).jpg,1
Bad_dataset3_bad (567).jpg,0
Good_dataset03_good (117).jpg,1
Bad_dataset3_bad (164).jpg,0
Good_dataset03_good (517).jpg,1
Good_dataset03_good (415).jpg,1
Bad_dataset3_bad (642).jpg,0
Bad_dataset3_bad (177).jpg,0
Bad_dataset3_bad (616).jpg,0
Good_dataset03_good (466).jpg,1
Bad_dataset3_bad (444).jpg,0
Bad_dataset3_bad (302).jpg,0
Good_dataset03_good (112).jpg,1
Good_dataset03_good (85).jpg,1
Bad_dataset3_bad (31).jpg,0
Good_dataset03_good (593).jpg,1
Bad_dataset3_bad (463).jpg,0
Bad_dataset3_bad (152).jpg,0
Bad_dataset3_bad (73).jpg,0
Good_dataset03_good (473).jpg,1
Good_dataset03_good (514).jpg,1
Bad_dataset3_bad (133).jpg,0
Good_dataset03_good (15).jpg,1
Bad_dataset3_bad (75).jpg,0
Good_dataset03_good (337).jpg,1
Bad_dataset3_bad (49).jpg,0
Bad_dataset3_bad (369).jpg,0
Good_dataset03_good (301).jpg,1
Bad_dataset3_bad (346).jpg,0
Bad_dataset3_bad (490).jpg,0
Good_dataset03_good (31).jpg,1
Bad_dataset3_bad (279).jpg,0
Bad_dataset3_bad (638).jpg,0
Bad_dataset3_bad (50).jpg,0
Bad_dataset3_bad (424).jpg,0
Good_dataset03_good (133).jpg,1
Good_dataset03_good (532).jpg,1
Good_dataset03_good (589).jpg,1
Bad_dataset3_bad (504).jpg,0
Good_dataset03_good (582).jpg,1
Good_dataset03_good (250).jpg,1
Bad_dataset3_bad (131).jpg,0
Good_dataset03_good (522).jpg,1
Bad_dataset3_bad (666).jpg,0
Bad_dataset3_bad (108).jpg,0
Good_dataset03_good (64).jpg,1
Bad_dataset3_bad (364).jpg,0
Bad_dataset3_bad (467).jpg,0
Good_dataset03_good (284).jpg,1
Good_dataset03_good (612).jpg,1
Bad_dataset3_bad (585).jpg,0
Bad_dataset3_bad (264).jpg,0
Good_dataset03_good (569).jpg,1
Bad_dataset3_bad (296).jpg,0
Bad_dataset3_bad (222).jpg,0
Good_dataset03_good (290).jpg,1
Good_dataset03_good (543).jpg,1
Bad_dataset3_bad (327).jpg,0
Bad_dataset3_bad (435).jpg,0
Bad_dataset3_bad (91).jpg,0
Good_dataset03_good (394).jpg,1
Bad_dataset3_bad (69).jpg,0
Good_dataset03_good (253).jpg,1
Bad_dataset3_bad (36).jpg,0
Bad_dataset3_bad (470).jpg,0
Good_dataset03_good (403).jpg,1
Good_dataset03_good (230).jpg,1
Bad_dataset3_bad (196).jpg,0
Good_dataset03_good (355).jpg,1
Bad_dataset3_bad (558).jpg,0
Good_dataset03_good (312).jpg,1
Good_dataset03_good (561).jpg,1
Bad_dataset3_bad (516).jpg,0
Good_dataset03_good (65).jpg,1
Bad_dataset3_bad (372).jpg,0
Bad_dataset3_bad (352).jpg,0
Good_dataset03_good (406).jpg,1
Bad_dataset3_bad (12).jpg,0
Good_dataset03_good (530).jpg,1
Good_dataset03_good (632).jpg,1
Good_dataset03_good (488).jpg,1
Bad_dataset3_bad (480).jpg,0
Bad_dataset3_bad (212).jpg,0
Good_dataset03_good (655).jpg,1
Good_dataset03_good (572).jpg,1
Bad_dataset3_bad (229).jpg,0
Good_dataset03_good (108).jpg,1
Good_dataset03_good (482).jpg,1
Bad_dataset3_bad (290).jpg,0
Good_dataset03_good (409).jpg,1
Bad_dataset3_bad (199).jpg,0
Good_dataset03_good (35).jpg,1
Good_dataset03_good (330).jpg,1
Bad_dataset3_bad (627).jpg,0
Good_dataset03_good (267).jpg,1
Good_dataset03_good (114).jpg,1
Bad_dataset3_bad (126).jpg,0
Good_dataset03_good (120).jpg,1
Good_dataset03_good (321).jpg,1
Bad_dataset3_bad (92).jpg,0
Good_dataset03_good (476).jpg,1
Good_dataset03_good (356).jpg,1
Bad_dataset3_bad (48).jpg,0
Bad_dataset3_bad (320).jpg,0
Good_dataset03_good (547).jpg,1
Bad_dataset3_bad (620).jpg,0
Good_dataset03_good (515).jpg,1
Bad_dataset3_bad (40).jpg,0
Good_dataset03_good (661).jpg,1
Bad_dataset3_bad (469).jpg,0
Bad_dataset3_bad (416).jpg,0
Bad_dataset3_bad (629).jpg,0
Bad_dataset3_bad (360).jpg,0
Good_dataset03_good (134).jpg,1
Good_dataset03_good (546).jpg,1
Good_dataset03_good (382).jpg,1
Good_dataset03_good (76).jpg,1
Good_dataset03_good (459).jpg,1
Good_dataset03_good (20).jpg,1
Good_dataset03_good (472).jpg,1
Good_dataset03_good (236).jpg,1
Bad_dataset3_bad (33).jpg,0
Bad_dataset3_bad (101).jpg,0
Bad_dataset3_bad (550).jpg,0
Good_dataset03_good (269).jpg,1
Bad_dataset3_bad (592).jpg,0
Bad_dataset3_bad (148).jpg,0
Good_dataset03_good (421).jpg,1
Good_dataset03_good (405).jpg,1
Good_dataset03_good (318).jpg,1
Bad_dataset3_bad (209).jpg,0
Good_dataset03_good (215).jpg,1
Bad_dataset3_bad (215).jpg,0
Good_dataset03_good (136).jpg,1
Bad_dataset3_bad (534).jpg,0
Bad_dataset3_bad (610).jpg,0
Bad_dataset3_bad (649).jpg,0
Good_dataset03_good (8).jpg,1
Bad_dataset3_bad (190).jpg,0
Bad_dataset3_bad (98).jpg,0
Good_dataset03_good (634).jpg,1
Good_dataset03_good (240).jpg,1
Good_dataset03_good (391).jpg,1
Bad_dataset3_bad (37).jpg,0
Bad_dataset3_bad (351).jpg,0
Bad_dataset3_bad (405).jpg,0
Good_dataset03_good (338).jpg,1
Good_dataset03_good (390).jpg,1
Bad_dataset3_bad (637).jpg,0
Bad_dataset3_bad (539).jpg,0
Good_dataset03_good (363).jpg,1
Bad_dataset3_bad (90).jpg,0
Good_dataset03_good (361).jpg,1
Bad_dataset3_bad (187).jpg,0
Bad_dataset3_bad (305).jpg,0
Bad_dataset3_bad (517).jpg,0
Good_dataset03_good (447).jpg,1
Bad_dataset3_bad (80).jpg,0
Good_dataset03_good (118).jpg,1
Bad_dataset3_bad (378).jpg,0
Bad_dataset3_bad (182).jpg,0
Bad_dataset3_bad (206).jpg,0
Bad_dataset3_bad (423).jpg,0
Good_dataset03_good (592).jpg,1
Good_dataset03_good (416).jpg,1
Bad_dataset3_bad (52).jpg,0
Good_dataset03_good (286).jpg,1
Good_dataset03_good (442).jpg,1
Bad_dataset3_bad (57).jpg,0
Good_dataset03_good (221).jpg,1
Bad_dataset3_bad (219).jpg,0
Bad_dataset3_bad (260).jpg,0
Bad_dataset3_bad (658).jpg,0
Good_dataset03_good (209).jpg,1
Good_dataset03_good (489).jpg,1
Bad_dataset3_bad (565).jpg,0
Good_dataset03_good (17).jpg,1
Good_dataset03_good (13).jpg,1
Good_dataset03_good (29).jpg,1
Good_dataset03_good (268).jpg,1
Bad_dataset3_bad (105).jpg,0
Good_dataset03_good (365).jpg,1
Bad_dataset3_bad (606).jpg,0
Bad_dataset3_bad (450).jpg,0
Good_dataset03_good (506).jpg,1
Good_dataset03_good (359).jpg,1
Bad_dataset3_bad (186).jpg,0
Bad_dataset3_bad (599).jpg,0
Good_dataset03_good (343).jpg,1
Bad_dataset3_bad (15).jpg,0
Bad_dataset3_bad (7).jpg,0
Good_dataset03_good (334).jpg,1
Bad_dataset3_bad (93).jpg,0
Good_dataset03_good (4).jpg,1
Good_dataset03_good (63).jpg,1
Bad_dataset3_bad (211).jpg,0
Good_dataset03_good (5).jpg,1
Good_dataset03_good (246).jpg,1
Bad_dataset3_bad (78).jpg,0
Bad_dataset3_bad (398).jpg,0
Good_dataset03_good (66).jpg,1
Good_dataset03_good (71).jpg,1
Bad_dataset3_bad (674).jpg,0
Bad_dataset3_bad (464).jpg,0
Good_dataset03_good (573).jpg,1
Bad_dataset3_bad (239).jpg,0
Bad_dataset3_bad (340).jpg,0
Bad_dataset3_bad (441).jpg,0
Bad_dataset3_bad (584).jpg,0
Bad_dataset3_bad (60).jpg,0
Good_dataset03_good (231).jpg,1
Good_dataset03_good (214).jpg,1
Bad_dataset3_bad (14).jpg,0
Good_dataset03_good (340).jpg,1
Bad_dataset3_bad (668).jpg,0
Good_dataset03_good (516).jpg,1
Bad_dataset3_bad (334).jpg,0
Good_dataset03_good (474).jpg,1
Good_dataset03_good (156).jpg,1
Good_dataset03_good (627).jpg,1
Bad_dataset3_bad (202).jpg,0
Bad_dataset3_bad (536).jpg,0
Good_dataset03_good (26).jpg,1
Bad_dataset3_bad (299).jpg,0
Good_dataset03_good (640).jpg,1
Bad_dataset3_bad (74).jpg,0
Bad_dataset3_bad (522).jpg,0
Good_dataset03_good (431).jpg,1
Good_dataset03_good (645).jpg,1
Good_dataset03_good (512).jpg,1
Bad_dataset3_bad (86).jpg,0
Bad_dataset3_bad (473).jpg,0
Good_dataset03_good (139).jpg,1
Good_dataset03_good (420).jpg,1
Bad_dataset3_bad (390).jpg,0
Good_dataset03_good (541).jpg,1
Good_dataset03_good (150).jpg,1
Good_dataset03_good (630).jpg,1
Bad_dataset3_bad (600).jpg,0
Good_dataset03_good (151).jpg,1
Bad_dataset3_bad (200).jpg,0
Bad_dataset3_bad (20).jpg,0
Bad_dataset3_bad (401).jpg,0
Bad_dataset3_bad (581).jpg,0
Bad_dataset3_bad (531).jpg,0
Good_dataset03_good (623).jpg,1
Good_dataset03_good (196).jpg,1
Good_dataset03_good (584).jpg,1
Bad_dataset3_bad (309).jpg,0
Bad_dataset3_bad (410).jpg,0
Bad_dataset3_bad (1).jpg,0
Bad_dataset3_bad (425).jpg,0
Bad_dataset3_bad (82).jpg,0
Bad_dataset3_bad (459).jpg,0
Good_dataset03_good (59).jpg,1
Bad_dataset3_bad (51).jpg,0
Good_dataset03_good (349).jpg,1
Good_dataset03_good (579).jpg,1
Bad_dataset3_bad (461).jpg,0
Good_dataset03_good (410).jpg,1
Good_dataset03_good (554).jpg,1
Bad_dataset3_bad (192).jpg,0
Good_dataset03_good (580).jpg,1
Bad_dataset3_bad (386).jpg,0
Bad_dataset3_bad (385).jpg,0
Good_dataset03_good (617).jpg,1
Good_dataset03_good (545).jpg,1
Good_dataset03_good (75).jpg,1
Bad_dataset3_bad (250).jpg,0
Bad_dataset3_bad (426).jpg,0
Bad_dataset3_bad (578).jpg,0
Good_dataset03_good (432).jpg,1
Good_dataset03_good (469).jpg,1
Bad_dataset3_bad (485).jpg,0
Bad_dataset3_bad (143).jpg,0
Bad_dataset3_bad (430).jpg,0
Bad_dataset3_bad (68).jpg,0
Bad_dataset3_bad (47).jpg,0
Bad_dataset3_bad (226).jpg,0
Bad_dataset3_bad (184).jpg,0
Good_dataset03_good (43).jpg,1
Good_dataset03_good (577).jpg,1
Bad_dataset3_bad (442).jpg,0
Bad_dataset3_bad (275).jpg,0
Good_dataset03_good (606).jpg,1
Good_dataset03_good (212).jpg,1
Good_dataset03_good (375).jpg,1
Good_dataset03_good (48).jpg,1
Good_dataset03_good (158).jpg,1
Good_dataset03_good (91).jpg,1
Good_dataset03_good (508).jpg,1
Good_dataset03_good (358).jpg,1
Good_dataset03_good (216).jpg,1
Bad_dataset3_bad (70).jpg,0
Good_dataset03_good (646).jpg,1
Bad_dataset3_bad (520).jpg,0
Bad_dataset3_bad (120).jpg,0
Bad_dataset3_bad (297).jpg,0
Bad_dataset3_bad (428).jpg,0
Good_dataset03_good (162).jpg,1
Bad_dataset3_bad (116).jpg,0
Bad_dataset3_bad (432).jpg,0
Good_dataset03_good (239).jpg,1
Good_dataset03_good (328).jpg,1
Good_dataset03_good (55).jpg,1
Good_dataset03_good (597).jpg,1
Bad_dataset3_bad (427).jpg,0
Good_dataset03_good (566).jpg,1
Bad_dataset3_bad (322).jpg,0
Good_dataset03_good (135).jpg,1
Good_dataset03_good (298).jpg,1
Good_dataset03_good (24).jpg,1
Bad_dataset3_bad (204).jpg,0
Bad_dataset3_bad (58).jpg,0
Good_dataset03_good (100).jpg,1
Good_dataset03_good (495).jpg,1
Good_dataset03_good (436).jpg,1
Good_dataset03_good (320).jpg,1
Bad_dataset3_bad (23).jpg,0
Bad_dataset3_bad (38).jpg,0
Good_dataset03_good (217).jpg,1
Bad_dataset3_bad (380).jpg,0
Bad_dataset3_bad (266).jpg,0
Bad_dataset3_bad (147).jpg,0
Bad_dataset3_bad (486).jpg,0
Bad_dataset3_bad (552).jpg,0
Bad_dataset3_bad (362).jpg,0
Bad_dataset3_bad (198).jpg,0
Good_dataset03_good (88).jpg,1
Bad_dataset3_bad (633).jpg,0
Bad_dataset3_bad (221).jpg,0
Bad_dataset3_bad (575).jpg,0
Good_dataset03_good (604).jpg,1
Bad_dataset3_bad (319).jpg,0
Bad_dataset3_bad (366).jpg,0
Good_dataset03_good (478).jpg,1
Good_dataset03_good (98).jpg,1
Bad_dataset3_bad (218).jpg,0
Good_dataset03_good (95).jpg,1
Good_dataset03_good (145).jpg,1
Good_dataset03_good (154).jpg,1
Good_dataset03_good (78).jpg,1
Good_dataset03_good (477).jpg,1
Good_dataset03_good (104).jpg,1
Good_dataset03_good (550).jpg,1
Bad_dataset3_bad (396).jpg,0
Bad_dataset3_bad (112).jpg,0
Bad_dataset3_bad (617).jpg,0
Bad_dataset3_bad (466).jpg,0
Bad_dataset3_bad (589).jpg,0
Good_dataset03_good (72).jpg,1
Good_dataset03_good (97).jpg,1
Bad_dataset3_bad (411).jpg,0
Bad_dataset3_bad (246).jpg,0
Good_dataset03_good (615).jpg,1
Bad_dataset3_bad (363).jpg,0
Good_dataset03_good (625).jpg,1
Bad_dataset3_bad (150).jpg,0
Bad_dataset3_bad (374).jpg,0
Good_dataset03_good (498).jpg,1
Bad_dataset3_bad (394).jpg,0
Bad_dataset3_bad (654).jpg,0
Good_dataset03_good (259).jpg,1
Good_dataset03_good (21).jpg,1
Good_dataset03_good (224).jpg,1
Bad_dataset3_bad (240).jpg,0
Bad_dataset3_bad (197).jpg,0
Bad_dataset3_bad (494).jpg,0
Good_dataset03_good (10).jpg,1
Good_dataset03_good (434).jpg,1
Bad_dataset3_bad (555).jpg,0
Bad_dataset3_bad (203).jpg,0
Good_dataset03_good (653).jpg,1
Bad_dataset3_bad (495).jpg,0
Good_dataset03_good (53).jpg,1
Good_dataset03_good (480).jpg,1
Good_dataset03_good (168).jpg,1
Bad_dataset3_bad (301).jpg,0
Bad_dataset3_bad (331).jpg,0
Good_dataset03_good (484).jpg,1
Good_dataset03_good (542).jpg,1
Good_dataset03_good (319).jpg,1
Bad_dataset3_bad (503).jpg,0
Good_dataset03_good (84).jpg,1
Good_dataset03_good (165).jpg,1
Bad_dataset3_bad (207).jpg,0
Good_dataset03_good (309).jpg,1
Bad_dataset3_bad (447).jpg,0
Bad_dataset3_bad (399).jpg,0
Good_dataset03_good (299).jpg,1
Good_dataset03_good (282).jpg,1
Good_dataset03_good (325).jpg,1
Bad_dataset3_bad (100).jpg,0
Good_dataset03_good (419).jpg,1
Good_dataset03_good (115).jpg,1
Bad_dataset3_bad (174).jpg,0
Bad_dataset3_bad (433).jpg,0
Good_dataset03_good (127).jpg,1
Good_dataset03_good (509).jpg,1
Bad_dataset3_bad (298).jpg,0
Bad_dataset3_bad (510).jpg,0
Bad_dataset3_bad (308).jpg,0
Good_dataset03_good (439).jpg,1
Bad_dataset3_bad (389).jpg,0
Bad_dataset3_bad (61).jpg,0
Bad_dataset3_bad (312).jpg,0
Bad_dataset3_bad (367).jpg,0
Good_dataset03_good (12).jpg,1
Good_dataset03_good (423).jpg,1
Bad_dataset3_bad (657).jpg,0
Bad_dataset3_bad (549).jpg,0
Good_dataset03_good (457).jpg,1
Good_dataset03_good (254).jpg,1
Bad_dataset3_bad (144).jpg,0
Good_dataset03_good (86).jpg,1
Bad_dataset3_bad (445).jpg,0
Good_dataset03_good (380).jpg,1
Good_dataset03_good (631).jpg,1
Bad_dataset3_bad (481).jpg,0
Good_dataset03_good (52).jpg,1
Bad_dataset3_bad (293).jpg,0
Bad_dataset3_bad (153).jpg,0
Bad_dataset3_bad (272).jpg,0
Bad_dataset3_bad (89).jpg,0
Good_dataset03_good (644).jpg,1
Good_dataset03_good (427).jpg,1
Bad_dataset3_bad (579).jpg,0
Good_dataset03_good (537).jpg,1
Bad_dataset3_bad (655).jpg,0
Good_dataset03_good (93).jpg,1
Good_dataset03_good (383).jpg,1
Bad_dataset3_bad (462).jpg,0
Bad_dataset3_bad (267).jpg,0
Bad_dataset3_bad (438).jpg,0
Good_dataset03_good (354).jpg,1
Bad_dataset3_bad (630).jpg,0
Bad_dataset3_bad (241).jpg,0
Good_dataset03_good (548).jpg,1
Bad_dataset3_bad (333).jpg,0
Good_dataset03_good (70).jpg,1
Good_dataset03_good (441).jpg,1
Bad_dataset3_bad (422).jpg,0
Bad_dataset3_bad (336).jpg,0
Bad_dataset3_bad (119).jpg,0
Good_dataset03_good (307).jpg,1
Good_dataset03_good (366).jpg,1
Good_dataset03_good (54).jpg,1
Bad_dataset3_bad (502).jpg,0
Good_dataset03_good (598).jpg,1
Good_dataset03_good (657).jpg,1
Bad_dataset3_bad (583).jpg,0
Bad_dataset3_bad (8).jpg,0
Bad_dataset3_bad (407).jpg,0
Good_dataset03_good (341).jpg,1
Bad_dataset3_bad (477).jpg,0
Bad_dataset3_bad (169).jpg,0
Good_dataset03_good (345).jpg,1
Good_dataset03_good (621).jpg,1
Good_dataset03_good (438).jpg,1
Good_dataset03_good (148).jpg,1
Bad_dataset3_bad (25).jpg,0
Good_dataset03_good (256).jpg,1
Good_dataset03_good (297).jpg,1
Bad_dataset3_bad (183).jpg,0
Bad_dataset3_bad (618).jpg,0
Bad_dataset3_bad (109).jpg,0
Bad_dataset3_bad (483).jpg,0
Good_dataset03_good (398).jpg,1
Bad_dataset3_bad (393).jpg,0
Good_dataset03_good (271).jpg,1
Good_dataset03_good (255).jpg,1
Bad_dataset3_bad (650).jpg,0
Good_dataset03_good (558).jpg,1
Good_dataset03_good (552).jpg,1
Good_dataset03_good (128).jpg,1
Bad_dataset3_bad (234).jpg,0
Good_dataset03_good (103).jpg,1
Bad_dataset3_bad (278).jpg,0
Bad_dataset3_bad (32).jpg,0
Good_dataset03_good (357).jpg,1
Bad_dataset3_bad (113).jpg,0
Bad_dataset3_bad (574).jpg,0
Good_dataset03_good (353).jpg,1
Bad_dataset3_bad (129).jpg,0
Bad_dataset3_bad (103).jpg,0
Bad_dataset3_bad (29).jpg,0
Bad_dataset3_bad (175).jpg,0
Bad_dataset3_bad (544).jpg,0
Good_dataset03_good (504).jpg,1
Bad_dataset3_bad (247).jpg,0
Bad_dataset3_bad (546).jpg,0
Good_dataset03_good (540).jpg,1
Bad_dataset3_bad (19).jpg,0
Bad_dataset3_bad (497).jpg,0
Good_dataset03_good (28).jpg,1
Good_dataset03_good (609).jpg,1
Bad_dataset3_bad (160).jpg,0
Good_dataset03_good (443).jpg,1
Bad_dataset3_bad (162).jpg,0
Good_dataset03_good (370).jpg,1
Good_dataset03_good (389).jpg,1
Bad_dataset3_bad (106).jpg,0
Good_dataset03_good (458).jpg,1
Good_dataset03_good (475).jpg,1
Bad_dataset3_bad (274).jpg,0
Bad_dataset3_bad (76).jpg,0
Bad_dataset3_bad (421).jpg,0
Bad_dataset3_bad (656).jpg,0
Good_dataset03_good (486).jpg,1
Good_dataset03_good (295).jpg,1
Good_dataset03_good (37).jpg,1
Good_dataset03_good (378).jpg,1
Bad_dataset3_bad (173).jpg,0
Bad_dataset3_bad (357).jpg,0
Good_dataset03_good (384).jpg,1
Bad_dataset3_bad (564).jpg,0
Good_dataset03_good (106).jpg,1
Bad_dataset3_bad (165).jpg,0
Bad_dataset3_bad (543).jpg,0
Good_dataset03_good (167).jpg,1
Good_dataset03_good (613).jpg,1
Bad_dataset3_bad (329).jpg,0
Good_dataset03_good (497).jpg,1
Bad_dataset3_bad (562).jpg,0
Good_dataset03_good (501).jpg,1
Good_dataset03_good (635).jpg,1
Good_dataset03_good (181).jpg,1
Good_dataset03_good (574).jpg,1
Good_dataset03_good (223).jpg,1
Bad_dataset3_bad (261).jpg,0
Bad_dataset3_bad (623).jpg,0
Bad_dataset3_bad (635).jpg,0
Bad_dataset3_bad (255).jpg,0
Bad_dataset3_bad (443).jpg,0
Good_dataset03_good (412).jpg,1
Bad_dataset3_bad (179).jpg,0
Bad_dataset3_bad (99).jpg,0
Good_dataset03_good (350).jpg,1
Good_dataset03_good (275).jpg,1
Good_dataset03_good (183).jpg,1
Good_dataset03_good (429).jpg,1
Good_dataset03_good (562).jpg,1
Good_dataset03_good (49).jpg,1
Good_dataset03_good (245).jpg,1
Bad_dataset3_bad (136).jpg,0
Bad_dataset3_bad (530).jpg,0
Good_dataset03_good (161).jpg,1
Bad_dataset3_bad (587).jpg,0
Bad_dataset3_bad (233).jpg,0
Good_dataset03_good (395).jpg,1
Bad_dataset3_bad (622).jpg,0
Good_dataset03_good (622).jpg,1
Good_dataset03_good (551).jpg,1
Good_dataset03_good (344).jpg,1
Bad_dataset3_bad (597).jpg,0
Bad_dataset3_bad (232).jpg,0
Bad_dataset3_bad (472).jpg,0
Good_dataset03_good (190).jpg,1
Bad_dataset3_bad (324).jpg,0
Good_dataset03_good (260).jpg,1
Bad_dataset3_bad (478).jpg,0
Bad_dataset3_bad (180).jpg,0
Bad_dataset3_bad (420).jpg,0
Good_dataset03_good (553).jpg,1
Bad_dataset3_bad (619).jpg,0
Bad_dataset3_bad (311).jpg,0
Bad_dataset3_bad (353).jpg,0
Bad_dataset3_bad (487).jpg,0
Bad_dataset3_bad (213).jpg,0
Good_dataset03_good (511).jpg,1
Bad_dataset3_bad (4).jpg,0
Bad_dataset3_bad (662).jpg,0
Good_dataset03_good (228).jpg,1
Bad_dataset3_bad (159).jpg,0
Good_dataset03_good (208).jpg,1
Bad_dataset3_bad (680).jpg,0
Good_dataset03_good (27).jpg,1
Bad_dataset3_bad (251).jpg,0
Good_dataset03_good (456).jpg,1
Bad_dataset3_bad (313).jpg,0
Good_dataset03_good (610).jpg,1
Bad_dataset3_bad (55).jpg,0
Good_dataset03_good (189).jpg,1
Bad_dataset3_bad (344).jpg,0
Bad_dataset3_bad (413).jpg,0
Good_dataset03_good (414).jpg,1
Bad_dataset3_bad (291).jpg,0
Good_dataset03_good (387).jpg,1
Good_dataset03_good (578).jpg,1
Bad_dataset3_bad (414).jpg,0
Good_dataset03_good (130).jpg,1
Good_dataset03_good (588).jpg,1
Bad_dataset3_bad (154).jpg,0
Good_dataset03_good (664).jpg,1
Good_dataset03_good (544).jpg,1
Good_dataset03_good (272).jpg,1
Bad_dataset3_bad (612).jpg,0
Bad_dataset3_bad (677).jpg,0
Good_dataset03_good (507).jpg,1
Good_dataset03_good (400).jpg,1
Good_dataset03_good (197).jpg,1
Good_dataset03_good (364).jpg,1
Bad_dataset3_bad (337).jpg,0
Bad_dataset3_bad (104).jpg,0
Bad_dataset3_bad (79).jpg,0
Good_dataset03_good (523).jpg,1
Good_dataset03_good (176).jpg,1
Good_dataset03_good (38).jpg,1
Bad_dataset3_bad (648).jpg,0
Good_dataset03_good (603).jpg,1
Bad_dataset3_bad (566).jpg,0
Good_dataset03_good (178).jpg,1
Good_dataset03_good (110).jpg,1
Bad_dataset3_bad (87).jpg,0
Bad_dataset3_bad (595).jpg,0
Good_dataset03_good (347).jpg,1
Good_dataset03_good (174).jpg,1
Bad_dataset3_bad (338).jpg,0
Good_dataset03_good (225).jpg,1
Good_dataset03_good (226).jpg,1
Bad_dataset3_bad (283).jpg,0
Bad_dataset3_bad (238).jpg,0
Bad_dataset3_bad (142).jpg,0
Good_dataset03_good (649).jpg,1
Bad_dataset3_bad (602).jpg,0
Good_dataset03_good (210).jpg,1
Bad_dataset3_bad (664).jpg,0
Good_dataset03_good (536).jpg,1
Good_dataset03_good (450).jpg,1
Good_dataset03_good (68).jpg,1
Good_dataset03_good (505).jpg,1
Good_dataset03_good (628).jpg,1
Good_dataset03_good (82).jpg,1
Good_dataset03_good (585).jpg,1
Good_dataset03_good (425).jpg,1
Bad_dataset3_bad (479).jpg,0
Bad_dataset3_bad (107).jpg,0
Good_dataset03_good (220).jpg,1
Bad_dataset3_bad (172).jpg,0
Bad_dataset3_bad (576).jpg,0
Good_dataset03_good (583).jpg,1
Bad_dataset3_bad (210).jpg,0
Bad_dataset3_bad (11).jpg,0
Good_dataset03_good (662).jpg,1
Good_dataset03_good (433).jpg,1
Good_dataset03_good (293).jpg,1
Bad_dataset3_bad (582).jpg,0
Good_dataset03_good (25).jpg,1
Bad_dataset3_bad (670).jpg,0
Good_dataset03_good (599).jpg,1
Bad_dataset3_bad (225).jpg,0
Bad_dataset3_bad (115).jpg,0
Good_dataset03_good (300).jpg,1
Bad_dataset3_bad (39).jpg,0
Good_dataset03_good (192).jpg,1
Good_dataset03_good (629).jpg,1
Bad_dataset3_bad (77).jpg,0
Good_dataset03_good (143).jpg,1
Good_dataset03_good (451).jpg,1
Good_dataset03_good (331).jpg,1
Good_dataset03_good (393).jpg,1
Bad_dataset3_bad (286).jpg,0
Good_dataset03_good (643).jpg,1
Bad_dataset3_bad (660).jpg,0
Good_dataset03_good (233).jpg,1
Bad_dataset3_bad (387).jpg,0
Bad_dataset3_bad (611).jpg,0
Good_dataset03_good (131).jpg,1
Bad_dataset3_bad (356).jpg,0
Bad_dataset3_bad (323).jpg,0
Bad_dataset3_bad (235).jpg,0
Bad_dataset3_bad (156).jpg,0
Good_dataset03_good (47).jpg,1
Good_dataset03_good (616).jpg,1
Good_dataset03_good (251).jpg,1
Bad_dataset3_bad (436).jpg,0
Bad_dataset3_bad (3).jpg,0
Bad_dataset3_bad (507).jpg,0
Good_dataset03_good (336).jpg,1
Good_dataset03_good (620).jpg,1
Bad_dataset3_bad (601).jpg,0
Bad_dataset3_bad (458).jpg,0
Bad_dataset3_bad (276).jpg,0
Good_dataset03_good (101).jpg,1
Bad_dataset3_bad (224).jpg,0
Bad_dataset3_bad (590).jpg,0
Good_dataset03_good (61).jpg,1
Good_dataset03_good (44).jpg,1
Bad_dataset3_bad (330).jpg,0
Bad_dataset3_bad (67).jpg,0
Bad_dataset3_bad (231).jpg,0
Good_dataset03_good (2).jpg,1
Good_dataset03_good (18).jpg,1
Bad_dataset3_bad (361).jpg,0
Good_dataset03_good (348).jpg,1
Good_dataset03_good (124).jpg,1
Good_dataset03_good (521).jpg,1
Good_dataset03_good (428).jpg,1
Good_dataset03_good (481).jpg,1
Good_dataset03_good (305).jpg,1
Bad_dataset3_bad (500).jpg,0
Bad_dataset3_bad (304).jpg,0
Bad_dataset3_bad (532).jpg,0
Good_dataset03_good (534).jpg,1
Good_dataset03_good (302).jpg,1
Bad_dataset3_bad (672).jpg,0
Bad_dataset3_bad (236).jpg,0
Good_dataset03_good (454).jpg,1
Good_dataset03_good (125).jpg,1
Bad_dataset3_bad (227).jpg,0
Good_dataset03_good (563).jpg,1
Bad_dataset3_bad (391).jpg,0
Bad_dataset3_bad (347).jpg,0
Good_dataset03_good (367).jpg,1
Good_dataset03_good (437).jpg,1
Good_dataset03_good (652).jpg,1
Bad_dataset3_bad (46).jpg,0
Bad_dataset3_bad (95).jpg,0
Bad_dataset3_bad (556).jpg,0
Good_dataset03_good (219).jpg,1
Bad_dataset3_bad (569).jpg,0
Good_dataset03_good (642).jpg,1
Good_dataset03_good (388).jpg,1
Good_dataset03_good (232).jpg,1
Bad_dataset3_bad (395).jpg,0
Bad_dataset3_bad (321).jpg,0
Good_dataset03_good (314).jpg,1
Good_dataset03_good (668).jpg,1
Good_dataset03_good (372).jpg,1
Bad_dataset3_bad (16).jpg,0
Good_dataset03_good (126).jpg,1
Good_dataset03_good (386).jpg,1
Bad_dataset3_bad (384).jpg,0
Good_dataset03_good (3).jpg,1
Good_dataset03_good (381).jpg,1
Good_dataset03_good (487).jpg,1
Good_dataset03_good (418).jpg,1
Good_dataset03_good (249).jpg,1
Good_dataset03_good (80).jpg,1
Bad_dataset3_bad (492).jpg,0
Good_dataset03_good (315).jpg,1
Bad_dataset3_bad (419).jpg,0
Bad_dataset3_bad (257).jpg,0
Bad_dataset3_bad (593).jpg,0
Good_dataset03_good (660).jpg,1
Bad_dataset3_bad (624).jpg,0
Good_dataset03_good (69).jpg,1
Good_dataset03_good (303).jpg,1
Good_dataset03_good (9).jpg,1
Bad_dataset3_bad (678).jpg,0
Bad_dataset3_bad (521).jpg,0
Bad_dataset3_bad (376).jpg,0
Good_dataset03_good (32).jpg,1
Good_dataset03_good (281).jpg,1
Bad_dataset3_bad (354).jpg,0
Good_dataset03_good (289).jpg,1
Bad_dataset3_bad (661).jpg,0
Bad_dataset3_bad (561).jpg,0
Bad_dataset3_bad (289).jpg,0
